name;sex;birthdate;username;address;SSN;mail
Theresa Rodriguez;F;01-11-1998;penningtonmichelle;09951 James Prairie Suite 612 Jamesside, MO 02123;614-42-7308;matthew25@yahoo.com
Chelsea Moreno;M;04-01-1995;bnelson;50049 Jared Mall Apt. 095 Johntown, MN 28017;783-75-4340;schneidershane@yahoo.com
Kevin Johnson;F;20-04-1971;crystal11;694 Michael Point Mariaville, MS 63539;702-89-0699;christopher77@smith.com
Gina Guzman;F;19-01-1989;parsonselizabeth;7863 Berry Lights Port Eric, AZ 66271;727-13-4566;brookewilliams@stout.com
Joseph Holloway;F;26-03-1978;anne72;2238 Davis Island Apt. 490 Robinsonmouth, SC 78940;726-37-9918;jhawkins@mccullough.com
Richard Johnson;F;23-06-1974;denisecampbell;72808 Bruce Bypass Suite 952 North Alex, MI 33954;511-07-5182;sarah38@hotmail.com
Gregory Myers;F;21-12-1984;scottturner;USNS Watson FPO AP 88390;521-66-5243;wcollins@hotmail.com
Stephanie Owens;M;18-03-1976;mark75;7928 Meyer Drive Stephaniestad, CT 29279;140-61-6101;pricesara@johnson.com
Matthew Hendrix;F;16-12-1989;laurie13;8544 Davis Way Apt. 782 Pearsonport, VT 60226;736-64-3572;mcmillanpatricia@smith.net
Christina Tate;M;08-12-1988;hodgedanielle;0560 Chambers Extensions Apt. 294 Amybury, MD 06026;670-01-4634;dsutton@yahoo.com
Katherine Farmer;F;06-10-1996;jasonhayes;55190 Garcia Cliffs Apt. 121 Port Thomasmouth, MO 18419;370-52-0850;kgarner@little.com
Gregory Davies;F;15-06-1970;shelbyanderson;USCGC Edwards FPO AP 12668;735-91-8516;kpeterson@yahoo.com
Anthony Burke;M;12-02-1987;natalieknight;172 Farley Loaf Apt. 622 Lake Jeffery, VT 73112;890-97-8676;ginalewis@hotmail.com
Christine Simpson;M;26-02-1997;carlsonchristine;68174 Lewis Cliff Apt. 125 West Craigborough, WA 29959;443-11-1598;aaronrivera@yahoo.com
Stacy Ramirez;F;27-09-1992;kenttaylor;4898 Kristen Shore Apt. 289 Nelsonview, MN 21999;025-94-0328;hwalton@hotmail.com
Jack Sanders Jr.;F;06-09-1970;uvazquez;51004 David Street Apt. 960 Callahanport, AZ 86221;810-26-0794;kathleen82@frost.org
Sean Smith;M;30-09-1984;youngkayla;5867 Mary Port Apt. 875 Paulastad, KS 83417;514-29-6444;watsonvirginia@yahoo.com
Nicole Tucker;F;01-12-1987;bowmanbrandon;4649 Nicole Route Suite 794 Codytown, LA 56242;386-70-8357;smiththomas@gordon.com
Raymond Green;M;20-09-1989;marilyn08;7283 Jason Fork Port Courtneychester, OH 92506;364-07-9020;sheri13@hotmail.com
Amanda Christian;M;19-03-1976;andrewmann;7240 Steven Turnpike Suite 673 Garrisonland, WA 03932;301-60-0656;obarnes@yahoo.com
Chelsey Watson;F;21-04-1982;turnerjohn;0115 Stevenson Union Apt. 739 South Stevenside, WY 48184;585-73-6454;nicholsjason@burns-knox.com
Lauren Jones;F;22-06-1980;santiagochristine;11719 Christopher Estates Raymondview, DC 44665;763-80-7648;christophersanders@gmail.com
Christina Edwards;M;09-05-1987;gregory26;4352 Pugh Ridges Jessicashire, MS 66564;254-08-4849;adamwarner@yahoo.com
Kathryn Martin;F;18-05-1982;acampbell;68997 Jordan Circle Suite 052 North Joshua, AZ 96672;338-26-1961;dsalazar@gmail.com
Michael Oconnell;F;25-06-1978;wendyhouston;3282 Lopez Mall Suite 595 West Maureen, LA 20705;879-30-0055;yadams@hotmail.com
Elizabeth Henry;M;02-04-1990;andrew02;541 Gary Islands Hernandezview, UT 78827;899-74-2179;edwinjohnson@mitchell.org
Brandon Miller;F;02-05-1992;zhall;585 Tina Islands Lake Deanberg, AZ 37811;850-81-9514;gabriella85@porter.com
Christopher Carr;M;03-10-1974;brookesilva;58718 Kimberly Junctions Suite 093 North Ryanmouth, MI 54606;551-20-0228;katelyndavis@yahoo.com
Tiffany Cole;M;24-08-1985;anthonyaguilar;024 Todd Shoal Apt. 429 Boydshire, ID 17029;440-04-4499;jenna02@brown.net
Brandon Santiago;M;31-10-1985;gregory81;219 Timothy Neck Suite 488 Millerville, ID 59369;805-32-6814;draymond@mckinney.com
Mr. Randy Keller II;F;09-08-1986;mitchell67;5039 Henderson Square Apt. 668 Vasquezhaven, AL 31755;289-24-5222;ipayne@nguyen-chambers.com
Rebecca Bradford;F;07-03-1977;matthewwilliams;204 Kim Key Apt. 941 Longmouth, AL 77892;200-69-5392;sheliarodriguez@yahoo.com
Dawn Armstrong;M;24-05-1976;scott61;963 Ross Village Suite 293 Port Lauraland, DC 41966;233-22-6908;brivera@miller.net
Jennifer Ewing;F;11-05-1981;renee25;903 Park Lodge Apt. 173 Lake William, ND 27559;415-40-8986;shawn67@gmail.com
Antonio Davis;M;26-06-1976;wagnersydney;5075 Wheeler Village New Christopherburgh, MA 15779;384-83-7533;jeffrey34@martinez-weaver.com
Matthew Lopez;F;14-05-1993;imassey;PSC 8694, Box 4109 APO AP 46749;172-63-0463;vincentwhite@hotmail.com
Steven Patterson;F;23-08-1984;mfleming;93155 Laurie Alley Lake Pamelatown, WA 49979;537-03-0918;nicole91@green.com
Cory Sullivan;M;07-12-1986;harrischarles;567 Alvarez Pike Suite 654 Smithmouth, VT 26144;435-74-6923;kristygallegos@harrington.net
George Walters;F;02-02-1988;david10;5013 Katherine Shore Suite 299 Ambermouth, NC 44728;534-58-5640;joshua57@lee-miller.com
Shane Kelly;M;12-03-1980;kelly44;57125 Rachel Isle Apt. 970 Lake Hayleyborough, CT 93935;318-93-7820;ewilliams@hotmail.com
Courtney Brown;M;14-04-1983;richard92;141 Victoria Crossing Apt. 547 Port Sarah, NY 93549;615-41-3663;dana89@yahoo.com
Sabrina Vasquez;M;05-05-1994;kwebb;PSC 4921, Box 4995 APO AA 63427;686-04-2048;thompsonjose@gmail.com
Roberta Brown;M;13-05-1993;zvasquez;USNS Eaton FPO AP 93254;227-43-2063;alexa70@yahoo.com
Tara Harris;M;13-09-1999;stephanie92;8471 Davis Expressway Apt. 408 East Williamberg, SC 21040;627-12-7707;sarah91@gmail.com
Christopher Nicholson;F;16-05-1975;brittneysmith;33815 Joshua Forks East Alex, AR 45859;840-82-8265;dorothy81@branch.com
Sean Campbell;F;09-03-1972;cindy73;29311 Kyle Plains Apt. 471 New Richardview, MS 54515;547-61-4250;shelly54@gmail.com
Hannah Ramos;M;11-05-1984;khale;27882 Karen Via Port Michael, GA 07802;267-94-9183;jmendoza@hotmail.com
Marisa Guzman;F;15-08-1975;uwilliams;215 Salazar Crossroad Apt. 360 New David, NM 84292;564-39-2720;suzannenielsen@jones.org
Paige Acosta;M;05-04-2000;rsmith;USNS Gutierrez FPO AA 23194;157-84-1867;andersoncharles@hotmail.com
Laura Mills;M;08-06-1973;debra91;328 Collins Prairie Doyleland, DC 40421;306-27-9431;vhamilton@bowman.net
Douglas Perez;F;14-06-1985;francolisa;9960 Avila Road Apt. 180 Lake Jennifer, SC 18895;013-28-3066;gomezlisa@rodriguez.com
Kimberly Clements;M;08-08-1984;leesophia;Unit 9381 Box 3205 DPO AA 69570;535-52-8233;christopherkeller@hotmail.com
Michael Mahoney;F;08-06-1993;ubaker;5669 Christina Well Jacobside, DC 40062;071-84-6439;hancockandrew@yahoo.com
Nicholas Williams;F;25-02-1982;pnewman;4190 Ashley Skyway Apt. 597 Christinaburgh, VA 59116;297-46-7848;iunderwood@mann-stevens.com
Samantha Lozano;M;26-01-2000;gregory19;95753 Boyd Pike Suite 289 South Elizabethland, CT 79765;172-43-0493;cookfelicia@hotmail.com
Kimberly Larson;M;28-06-1998;erinlowery;687 Martin Village North Phillip, MT 66172;427-41-6243;fredjones@thomas.com
Alyssa Lewis;F;10-03-1984;daustin;335 Bernard Manors Apt. 680 Clarkeport, IN 24965;221-58-2341;drodriguez@phillips-leblanc.com
Sarah Williams;F;17-04-1995;hernandezsusan;348 Petersen Springs Apt. 557 Helenview, DC 77938;631-23-1853;ksosa@hotmail.com
Phillip Mcclure;F;19-09-1975;amedina;121 James Highway Gilesmouth, WY 55724;829-10-7645;ellisonmatthew@gmail.com
Todd Schneider;F;26-05-1971;alisha67;9606 Janice Gardens New Joseph, IA 31254;100-05-6239;gshaw@hotmail.com
Kathryn Henry;M;04-02-1993;charles15;USCGC Martin FPO AP 14279;528-67-3044;washingtonsheryl@brown.com
Kyle Carson;F;17-08-1978;christopher51;91480 Williams Pass Craigton, OH 40228;059-57-4113;karinawillis@hotmail.com
Michael Pierce;F;19-08-1995;mtorres;9167 Angela River Jenniferchester, AK 03900;670-75-2980;hardykim@taylor.com
Charles Juarez;F;17-10-1995;zgarcia;11457 Thompson Course Rogersbury, KS 30964;200-11-2281;wongtammy@jones.com
Jared Martinez;F;14-09-1973;kmorrison;006 Kathleen Drive Apt. 749 South Sarahside, CO 46690;568-42-6023;tylernavarro@gmail.com
Claudia Anderson;M;23-10-1994;stacychavez;23830 Jackson Forks Alejandroberg, AK 74537;031-65-9190;morrisonlori@hotmail.com
Anthony Baird;F;26-05-1972;veronicarodriguez;320 Donna Square New Mary, OK 20094;485-74-6576;apriljacobs@ali.org
Robert Rogers;F;26-12-1986;ericfarley;PSC 0336, Box 1271 APO AA 08413;004-30-8957;randall23@ortega.com
Gilbert Pugh;F;07-10-2001;edwardsjennifer;271 Melissa Station Christianshire, TN 60287;401-62-8759;parrishkimberly@morgan-williams.net
Bill Clark;M;04-10-1999;harrywilliams;34127 Nicholas Garden East Jessica, AR 09736;497-50-1965;kathleen41@hotmail.com
Nicole Mcgee;F;22-10-1985;mirandalorraine;51274 Jackson Squares West Patrickfort, DC 24006;060-68-5614;mgreen@gmail.com
Brandy Page;M;27-07-2001;wendywilson;1335 Becker Via Apt. 515 Rodriguezside, NH 47774;482-14-2763;kmullins@french.net
Brent Richardson;F;23-09-1976;robertcruz;2443 Tammy Road Apt. 035 North Julieton, NY 10635;015-81-0693;walkerbrian@yahoo.com
Christian Butler;F;26-11-1986;adamsmichael;99231 Davidson Island Suite 425 West Christopher, NV 30480;163-31-0981;emily58@roberson.com
Jenna Chang;M;09-05-1997;fergusonwilliam;78059 Johnson Corner Apt. 509 North Rhonda, ME 62003;106-04-6983;burkeedward@ruiz-jensen.info
Patricia Frey;F;29-03-1979;rayalexander;6240 Casey Common Suite 351 Lake Shannon, MA 14952;804-68-2436;thoover@lester-mcdonald.com
Lindsay Rodriguez;F;29-11-1994;cyoung;555 Roberts Summit Port Deanna, GA 37814;630-39-9427;mccoyjames@gmail.com
Yolanda Mcdonald;M;11-10-2001;rossgina;355 Davila Islands Austinview, LA 48164;312-29-3441;jchapman@gmail.com
Ernest Martin;M;14-08-1985;williamsalexander;03615 Williams Walks Hansonhaven, AL 42785;464-25-4430;logan12@vincent.net
Jennifer Johnson;F;17-03-1984;jessicabradford;57007 Sullivan Points Apt. 194 Stanleyton, NY 33166;111-42-1968;chavezemily@gmail.com
Kimberly Murray;M;02-09-1975;paul97;Unit 8978 Box 0537 DPO AE 84396;448-77-1131;sherylprice@yahoo.com
Shannon Salinas;F;22-11-1997;xhill;8220 Owens Wall Suite 495 Christinaside, OR 64119;005-01-1123;seanwilliams@smith-fernandez.org
Jason Cox;F;08-04-1983;tyler90;69149 Bruce Mountains Apt. 697 South Scottchester, ME 58863;793-91-5126;jshort@yahoo.com
Joseph Bradshaw;F;03-06-1995;preese;95568 Andres Valley Nicolefort, OK 66568;231-77-9839;william69@yahoo.com
Michael Murphy;F;30-11-1994;kharris;455 Emily Ridge Apt. 192 Port Carlamouth, KS 41118;390-76-8105;johnjones@yahoo.com
Christopher Peterson;F;07-01-1982;daniellemcgrath;5016 Morales Courts Suite 087 Martinberg, AK 40939;106-68-0961;kfarmer@gmail.com
David Allen;F;16-12-1982;sharonbutler;33682 Williams Light Brownbury, GA 47444;713-97-7910;christina53@barnes.org
Steven Newman;F;18-04-1972;paige46;15391 Daniel Lock Suite 303 Lake Brianland, GA 75074;589-96-9756;matthewdavis@yahoo.com
Tracy Lopez;M;11-02-1971;vrichardson;646 Cardenas Plains Apt. 073 West Ricardo, HI 84042;419-61-1013;williamsmelissa@hogan.com
Robert Cobb;M;05-04-1990;frankcook;11143 Austin Fields Suite 982 Danielleport, WV 22087;700-32-8299;spalmer@miller-smith.com
Jose Scott;M;21-10-1999;rfoster;18485 Sarah Lakes New Heather, DC 25262;242-73-4006;aroberts@little-hoffman.com
Jennifer Johnson;M;09-01-1997;pcook;6352 Brennan Way Jeffreymouth, WV 22792;553-38-2385;mannwilliam@gmail.com
Dana Stephens;M;05-09-1993;smurphy;67850 Donna Loop Apt. 515 Greerhaven, NM 59370;492-94-4947;susanpham@yahoo.com
Kimberly Robinson PhD;M;12-03-1994;kimberly74;00980 Lopez Union Markberg, WY 17581;820-75-1240;johnsonpaul@gomez.com
Shannon Mueller;F;13-08-1998;trevinojoseph;9949 Jessica Rapid Suite 607 East Sara, IL 26871;405-32-0859;andrew03@yahoo.com
Pamela Livingston;F;19-10-1979;elizabethwilkinson;629 Johnson Ways Apt. 082 Port Christina, IN 99120;748-09-4039;emily17@martin.com
Jasmine Mahoney;F;04-01-1994;kevincummings;38472 Barry Isle Kristinaport, NH 93165;162-48-5496;bmiller@yahoo.com
Alexis Thompson;F;21-03-1992;james02;044 Savage Lane Suite 599 Lake Traceyview, CO 41441;518-06-6447;kevinnguyen@harrington.com
Shane Flynn;M;12-06-1995;whitemark;56462 Jessica View Jacksonfurt, IL 14824;665-09-3361;leah35@hotmail.com
Christopher Morgan;M;31-01-1998;michaelthompson;8502 Smith Place Lake Jessica, ME 78681;807-22-0885;bethanybrown@yahoo.com
